actions,build_add_action_calls,build_add_actions_s,build_add_condition_calls,build_add_conditions_s,build_add_effect_calls,build_add_effects_s,build_add_fluent_calls,build_add_fluents_s,build_add_goal_calls,build_add_goals_s,build_add_object_calls,build_add_objects_s,build_create_action_calls,build_create_actions_s,build_create_fluents_s,build_create_objects_s,build_create_problem_s,build_create_types_s,build_set_durations_s,build_set_initial_value_calls,build_set_initial_values_s,build_total_s,configuration,cpu_s_delta,fluents,goals,loadavg_1m,maxrss_kb_after,maxrss_kb_before,objects,plan_action_count,plan_log_s,problem_kind,response_extract_s,run_id,serialize_problem_s,server_cpu_s_delta,server_pids,server_rss_kb_after,server_rss_kb_before,service_call_submit_s,service_wait_response_s,success,total_s,wait_service_s
15,15,0.00013606499942397932,161,0.0007371230049102451,125,0.001999588995204249,46,0.0005238630010353518,1,6.472000677604228e-06,47,0.00021469500188686652,15,0.00021647699668392306,0.00017000899970298633,4.129599892621627e-05,3.897300030075712e-05,1.7452000065532047e-05,0.00015271699703589547,205,0.0009089509967452614,0.010854310000468104,upf4ros2_node_problem,0.37553700000000045,46,1,0.9140625,152564,135644,47,10,0.0016552960005355999,"PROBLEM_CLASS: ['ACTION_BASED'] | PROBLEM_TYPE: ['GENERAL_NUMERIC_PLANNING'] | TIME: ['CONTINUOUS_TIME'] | EXPRESSION_DURATION: ['REAL_TYPE_DURATIONS', 'STATIC_FLUENTS_IN_DURATIONS', 'INT_TYPE_DURATIONS'] | CONDITIONS_KIND: ['NEGATIVE_CONDITIONS'] | EFFECTS_KIND: ['FLUENTS_IN_NUMERIC_ASSIGNMENTS', 'INCREASE_EFFECTS', 'DECREASE_EFFECTS'] | TYPING: ['FLAT_TYPING'] | FLUENTS_TYPE: ['REAL_FLUENTS']",1.1219999578315765e-06,1,0.2572257210003954,28.39,58762,297236,79576,0.08785406399965723,25.409534991999863,True,25.788531096999577,0.00010734099942055764
15,15,0.00011981699935859069,161,0.000607515999035968,125,0.0013727340010518674,46,0.0003402500024094479,1,4.829000317840837e-06,47,0.0002333309985260712,15,0.00017545900027471362,0.00020126700019318378,4.523400275502354e-05,3.953399937017821e-05,1.2524000339908525e-05,0.00015194699790299637,205,0.0007406999948216253,0.007200172999546339,upf4ros2_node_problem,0.22022600000000025,46,1,0.9443359375,152960,152564,47,10,0.0011733119999917108,"PROBLEM_CLASS: ['ACTION_BASED'] | PROBLEM_TYPE: ['GENERAL_NUMERIC_PLANNING'] | TIME: ['CONTINUOUS_TIME'] | EXPRESSION_DURATION: ['REAL_TYPE_DURATIONS', 'STATIC_FLUENTS_IN_DURATIONS', 'INT_TYPE_DURATIONS'] | CONDITIONS_KIND: ['NEGATIVE_CONDITIONS'] | EFFECTS_KIND: ['FLUENTS_IN_NUMERIC_ASSIGNMENTS', 'INCREASE_EFFECTS', 'DECREASE_EFFECTS'] | TYPING: ['FLAT_TYPING'] | FLUENTS_TYPE: ['REAL_FLUENTS']",1.1920001270482317e-06,2,0.10827601999972103,25.300000000000004,58762,299896,287156,0.08875898299993423,25.39677548600048,True,25.623231773999578,6.182599918247433e-05
15,15,0.00026041899945994373,161,0.0011947089988098014,125,0.0027357119961379794,46,0.0005317890045262175,1,4.9390000640414655e-06,47,0.00044001499918522313,15,0.0003146920007566223,0.00029793899921060074,7.91669963291497e-05,4.3121000089740846e-05,1.4948000170988962e-05,0.00028741900132445153,205,0.0007354309955189819,0.011852343000100518,upf4ros2_node_problem,0.214715,46,1,1.1005859375,154688,152960,47,10,0.0016600250000919914,"PROBLEM_CLASS: ['ACTION_BASED'] | PROBLEM_TYPE: ['GENERAL_NUMERIC_PLANNING'] | TIME: ['CONTINUOUS_TIME'] | EXPRESSION_DURATION: ['REAL_TYPE_DURATIONS', 'STATIC_FLUENTS_IN_DURATIONS', 'INT_TYPE_DURATIONS'] | CONDITIONS_KIND: ['NEGATIVE_CONDITIONS'] | EFFECTS_KIND: ['FLUENTS_IN_NUMERIC_ASSIGNMENTS', 'INCREASE_EFFECTS', 'DECREASE_EFFECTS'] | TYPING: ['FLAT_TYPING'] | FLUENTS_TYPE: ['REAL_FLUENTS']",1.2620002962648869e-06,3,0.09988192599939794,25.35,58762,301092,296856,0.0866086969999742,25.362861661999887,True,25.58532430300056,6.269699952099472e-05
15,15,0.00011854300009872532,161,0.000602258995968441,125,0.0014131879970591399,46,0.0004293199999665376,1,4.900000021734741e-06,47,0.00020801300070161233,15,0.00016651199985062703,0.00040231500042864354,3.825300154858269e-05,4.8210000386461616e-05,1.6341000446118414e-05,0.00014793499940424226,205,0.0007315130023926031,0.0073427799998171395,upf4ros2_node_problem,0.20124400000000087,46,1,1.14599609375,155072,154688,47,10,0.001168914000118093,"PROBLEM_CLASS: ['ACTION_BASED'] | PROBLEM_TYPE: ['GENERAL_NUMERIC_PLANNING'] | TIME: ['CONTINUOUS_TIME'] | EXPRESSION_DURATION: ['REAL_TYPE_DURATIONS', 'STATIC_FLUENTS_IN_DURATIONS', 'INT_TYPE_DURATIONS'] | CONDITIONS_KIND: ['NEGATIVE_CONDITIONS'] | EFFECTS_KIND: ['FLUENTS_IN_NUMERIC_ASSIGNMENTS', 'INCREASE_EFFECTS', 'DECREASE_EFFECTS'] | TYPING: ['FLAT_TYPING'] | FLUENTS_TYPE: ['REAL_FLUENTS']",1.4119996194494888e-06,4,0.09706738400018367,25.310000000000002,58762,301120,300084,0.08338357399952656,25.315405841999564,True,25.52531010599978,6.138600019767182e-05
15,15,0.0001235230038219015,161,0.0005925960113017936,125,0.0013265369980217656,46,0.0002638439982547425,1,4.589000127452891e-06,47,0.00021289199958118843,15,0.0004460990030565881,0.00017328499961877242,3.8419003431044985e-05,3.050699979212368e-05,1.1080999684054404e-05,0.00015464900116057834,205,0.0007313100031751674,0.007099293000464968,upf4ros2_node_problem,0.20098599999999944,46,1,1.24267578125,155264,155072,47,10,0.0012972640006410074,"PROBLEM_CLASS: ['ACTION_BASED'] | PROBLEM_TYPE: ['GENERAL_NUMERIC_PLANNING'] | TIME: ['CONTINUOUS_TIME'] | EXPRESSION_DURATION: ['REAL_TYPE_DURATIONS', 'STATIC_FLUENTS_IN_DURATIONS', 'INT_TYPE_DURATIONS'] | CONDITIONS_KIND: ['NEGATIVE_CONDITIONS'] | EFFECTS_KIND: ['FLUENTS_IN_NUMERIC_ASSIGNMENTS', 'INCREASE_EFFECTS', 'DECREASE_EFFECTS'] | TYPING: ['FLAT_TYPING'] | FLUENTS_TYPE: ['REAL_FLUENTS']",1.0220001058769412e-06,5,0.09759779000069102,25.329999999999984,58762,301312,301120,0.08288579000054597,25.33493135899971,True,25.54175812700032,6.039299933036091e-05
15,15,0.00013047400079813087,161,0.0005939660022704629,125,0.0014613290049965144,46,0.0003968500031987787,1,5.670999598805793e-06,47,0.00021237700184428832,15,0.00017922399911185494,0.0002986999998029205,4.276699837646447e-05,4.235899996274384e-05,1.544899987493409e-05,0.00015696300124545814,205,0.0009473080053794547,0.007956833000207553,upf4ros2_node_problem,0.22350400000000015,46,1,1.43212890625,155456,155264,47,10,0.0012927059997309698,"PROBLEM_CLASS: ['ACTION_BASED'] | PROBLEM_TYPE: ['GENERAL_NUMERIC_PLANNING'] | TIME: ['CONTINUOUS_TIME'] | EXPRESSION_DURATION: ['REAL_TYPE_DURATIONS', 'STATIC_FLUENTS_IN_DURATIONS', 'INT_TYPE_DURATIONS'] | CONDITIONS_KIND: ['NEGATIVE_CONDITIONS'] | EFFECTS_KIND: ['FLUENTS_IN_NUMERIC_ASSIGNMENTS', 'INCREASE_EFFECTS', 'DECREASE_EFFECTS'] | TYPING: ['FLAT_TYPING'] | FLUENTS_TYPE: ['REAL_FLUENTS']",1.0219991963822395e-06,6,0.09950592099994537,25.25,58762,298016,301312,0.10215082400009123,25.250400418000027,True,25.483146096999917,6.125499930931255e-05
15,15,0.00014609499885409605,161,0.0006678050094706123,125,0.0015678540012231679,46,0.0002676389985936112,1,5.228999725659378e-06,47,0.0002633720005178475,15,0.00019593100023485022,0.00018047899993689498,4.967900167685002e-05,2.861400025722105e-05,1.1230999916733708e-05,0.00030355799572134856,205,0.0007885249979153741,0.007898193000073661,upf4ros2_node_problem,0.25746299999999955,46,1,1.3642578125,155648,155456,47,10,0.001695712999207899,"PROBLEM_CLASS: ['ACTION_BASED'] | PROBLEM_TYPE: ['GENERAL_NUMERIC_PLANNING'] | TIME: ['CONTINUOUS_TIME'] | EXPRESSION_DURATION: ['REAL_TYPE_DURATIONS', 'STATIC_FLUENTS_IN_DURATIONS', 'INT_TYPE_DURATIONS'] | CONDITIONS_KIND: ['NEGATIVE_CONDITIONS'] | EFFECTS_KIND: ['FLUENTS_IN_NUMERIC_ASSIGNMENTS', 'INCREASE_EFFECTS', 'DECREASE_EFFECTS'] | TYPING: ['FLAT_TYPING'] | FLUENTS_TYPE: ['REAL_FLUENTS']",9.019995559356175e-07,7,0.14982839999993303,25.340000000000003,58762,300820,298016,0.0837200859996301,25.43724162000035,True,25.697804974000064,9.823499931371771e-05
15,15,0.0001150779989984585,161,0.0005879209993508994,125,0.0013093710067551,46,0.00026281000282324385,1,4.959000762028154e-06,47,0.00021006400129408576,15,0.00030745799995202105,0.00015754499963804847,3.978399672632804e-05,3.291199936938938e-05,1.0349000149290077e-05,0.00015180600348685402,205,0.0007347690007009078,0.006913434000125562,upf4ros2_node_problem,0.20442500000000052,46,1,1.2392578125,155648,155648,47,10,0.0012289169999348815,"PROBLEM_CLASS: ['ACTION_BASED'] | PROBLEM_TYPE: ['GENERAL_NUMERIC_PLANNING'] | TIME: ['CONTINUOUS_TIME'] | EXPRESSION_DURATION: ['REAL_TYPE_DURATIONS', 'STATIC_FLUENTS_IN_DURATIONS', 'INT_TYPE_DURATIONS'] | CONDITIONS_KIND: ['NEGATIVE_CONDITIONS'] | EFFECTS_KIND: ['FLUENTS_IN_NUMERIC_ASSIGNMENTS', 'INCREASE_EFFECTS', 'DECREASE_EFFECTS'] | TYPING: ['FLAT_TYPING'] | FLUENTS_TYPE: ['REAL_FLUENTS']",1.1530000847415067e-06,8,0.09798010699978477,25.180000000000007,58762,301212,300820,0.08515168299982179,25.18734054699962,True,25.399297873999785,6.176599981699837e-05
15,15,0.00012592700022651115,161,0.0005848810014867922,125,0.0014872190040478017,46,0.00027081700318376534,1,4.63800006400561e-06,47,0.0002252750009574811,15,0.0001711390004857094,0.00017960700006369734,4.0406998778053094e-05,3.135800034215208e-05,1.0890999874391127e-05,0.00015816600171092432,205,0.0007418550112561206,0.0070768710002084845,upf4ros2_node_problem,0.20268000000000086,46,1,1.23681640625,155648,155648,47,10,0.001204861000587698,"PROBLEM_CLASS: ['ACTION_BASED'] | PROBLEM_TYPE: ['GENERAL_NUMERIC_PLANNING'] | TIME: ['CONTINUOUS_TIME'] | EXPRESSION_DURATION: ['REAL_TYPE_DURATIONS', 'STATIC_FLUENTS_IN_DURATIONS', 'INT_TYPE_DURATIONS'] | CONDITIONS_KIND: ['NEGATIVE_CONDITIONS'] | EFFECTS_KIND: ['FLUENTS_IN_NUMERIC_ASSIGNMENTS', 'INCREASE_EFFECTS', 'DECREASE_EFFECTS'] | TYPING: ['FLAT_TYPING'] | FLUENTS_TYPE: ['REAL_FLUENTS']",1.0919993655988947e-06,9,0.09852399800001876,25.409999999999997,58762,301224,301212,0.08412454500012245,25.41064311199989,True,25.61984780199964,6.418100019800477e-05
15,15,0.00015303099917218788,161,0.0006905649943291792,125,0.0016269899997496395,46,0.0002738229995884467,1,4.959000762028154e-06,47,0.00021952799579594284,15,0.00020692699854407692,0.00028667799961112905,3.9013000787235796e-05,4.151800021645613e-05,1.4647000170953106e-05,0.00018043999898509355,205,0.0007329849995585391,0.008006615999875066,upf4ros2_node_problem,0.2092230000000015,46,1,1.1552734375,155648,155648,47,10,0.0012490440003602998,"PROBLEM_CLASS: ['ACTION_BASED'] | PROBLEM_TYPE: ['GENERAL_NUMERIC_PLANNING'] | TIME: ['CONTINUOUS_TIME'] | EXPRESSION_DURATION: ['REAL_TYPE_DURATIONS', 'STATIC_FLUENTS_IN_DURATIONS', 'INT_TYPE_DURATIONS'] | CONDITIONS_KIND: ['NEGATIVE_CONDITIONS'] | EFFECTS_KIND: ['FLUENTS_IN_NUMERIC_ASSIGNMENTS', 'INCREASE_EFFECTS', 'DECREASE_EFFECTS'] | TYPING: ['FLAT_TYPING'] | FLUENTS_TYPE: ['REAL_FLUENTS']",1.1020001693395898e-06,10,0.10031051100031618,25.240000000000038,58762,298040,301224,0.08806900700074038,25.245909440000105,True,25.465034447000107,5.866999981662957e-05
15,15,0.0002807469982144539,161,0.0011980130029769498,125,0.002879452999877685,46,0.0005270900037430692,1,7.022999852779321e-06,47,0.00044393200278136646,15,0.000323787001434539,0.00030576399967685575,7.788600032654358e-05,4.060599985677982e-05,1.4727000234415755e-05,0.0003026350032087066,205,0.0011717940024027484,0.013206573999923421,upf4ros2_node_problem,0.21843199999999996,46,1,1.10107421875,155840,155648,47,10,0.00178412799959915,"PROBLEM_CLASS: ['ACTION_BASED'] | PROBLEM_TYPE: ['GENERAL_NUMERIC_PLANNING'] | TIME: ['CONTINUOUS_TIME'] | EXPRESSION_DURATION: ['REAL_TYPE_DURATIONS', 'STATIC_FLUENTS_IN_DURATIONS', 'INT_TYPE_DURATIONS'] | CONDITIONS_KIND: ['NEGATIVE_CONDITIONS'] | EFFECTS_KIND: ['FLUENTS_IN_NUMERIC_ASSIGNMENTS', 'INCREASE_EFFECTS', 'DECREASE_EFFECTS'] | TYPING: ['FLAT_TYPING'] | FLUENTS_TYPE: ['REAL_FLUENTS']",1.3930002751294523e-06,11,0.10143481100021745,25.370000000000005,58762,300924,298040,0.08629737199953524,25.458092559999386,True,25.683336371000223,5.927100028202403e-05
15,15,0.0001447630020265933,161,0.0005940880064372323,125,0.00151215100686386,46,0.00027335600043443264,1,4.739000360132195e-06,47,0.00022532099865202326,15,0.00018187099885835778,0.00018318399997951929,3.841299985651858e-05,2.940500053227879e-05,1.0369999472459313e-05,0.00015759699817863293,205,0.0007374339938905905,0.00724858299963671,upf4ros2_node_problem,0.21382600000000096,46,1,1.06591796875,155840,155840,47,10,0.0016466400002173032,"PROBLEM_CLASS: ['ACTION_BASED'] | PROBLEM_TYPE: ['GENERAL_NUMERIC_PLANNING'] | TIME: ['CONTINUOUS_TIME'] | EXPRESSION_DURATION: ['REAL_TYPE_DURATIONS', 'STATIC_FLUENTS_IN_DURATIONS', 'INT_TYPE_DURATIONS'] | CONDITIONS_KIND: ['NEGATIVE_CONDITIONS'] | EFFECTS_KIND: ['FLUENTS_IN_NUMERIC_ASSIGNMENTS', 'INCREASE_EFFECTS', 'DECREASE_EFFECTS'] | TYPING: ['FLAT_TYPING'] | FLUENTS_TYPE: ['REAL_FLUENTS']",7.910002750577405e-07,12,0.0994739509997089,25.24000000000001,58762,301220,300924,0.08968738399926224,25.24707037999997,True,25.463509647000137,6.288799977482995e-05
15,15,0.00012722900009976001,161,0.0005760480034950888,125,0.0014500859961117385,46,0.00026247000369039597,1,7.434000508510508e-06,47,0.00021359900074457983,15,0.0001710640008241171,0.00017163199936476303,3.811399892583722e-05,3.240099977119826e-05,1.1230999916733708e-05,0.0001590510000823997,205,0.0007305070112124668,0.007000397000410885,upf4ros2_node_problem,0.20994699999999966,46,1,1.04248046875,155840,155840,47,10,0.0026478590007172897,"PROBLEM_CLASS: ['ACTION_BASED'] | PROBLEM_TYPE: ['GENERAL_NUMERIC_PLANNING'] | TIME: ['CONTINUOUS_TIME'] | EXPRESSION_DURATION: ['REAL_TYPE_DURATIONS', 'STATIC_FLUENTS_IN_DURATIONS', 'INT_TYPE_DURATIONS'] | CONDITIONS_KIND: ['NEGATIVE_CONDITIONS'] | EFFECTS_KIND: ['FLUENTS_IN_NUMERIC_ASSIGNMENTS', 'INCREASE_EFFECTS', 'DECREASE_EFFECTS'] | TYPING: ['FLAT_TYPING'] | FLUENTS_TYPE: ['REAL_FLUENTS']",1.6730000425013714e-06,13,0.09827247599969269,24.97999999999996,58762,301228,301220,0.08863217399994028,24.972922800999186,True,25.189282418000403,6.150599983811844e-05
15,15,0.00025142299909930443,161,0.001200475996483874,125,0.0028614690054382663,46,0.0005296080007610726,1,6.792999556637369e-06,47,0.0004499540009419434,15,0.00032860699866432697,0.0003058639995288104,7.92459959484404e-05,4.0906999856815673e-05,1.4546999409503769e-05,0.00029845399876649026,205,0.0014677259960080846,0.013818052000715397,upf4ros2_node_problem,0.2188169999999996,46,1,1.08447265625,155840,155840,47,10,0.001636560999941139,"PROBLEM_CLASS: ['ACTION_BASED'] | PROBLEM_TYPE: ['GENERAL_NUMERIC_PLANNING'] | TIME: ['CONTINUOUS_TIME'] | EXPRESSION_DURATION: ['REAL_TYPE_DURATIONS', 'STATIC_FLUENTS_IN_DURATIONS', 'INT_TYPE_DURATIONS'] | CONDITIONS_KIND: ['NEGATIVE_CONDITIONS'] | EFFECTS_KIND: ['FLUENTS_IN_NUMERIC_ASSIGNMENTS', 'INCREASE_EFFECTS', 'DECREASE_EFFECTS'] | TYPING: ['FLAT_TYPING'] | FLUENTS_TYPE: ['REAL_FLUENTS']",1.052000698109623e-06,14,0.10573721499986277,25.94999999999999,58762,298492,301228,0.08414420200006134,25.943671705999805,True,26.170363324999926,6.336899969028309e-05
15,15,0.00012336999952822225,161,0.0005908649927732768,125,0.001459936998799094,46,0.00027484100064611994,1,5.2400000640773214e-06,47,0.00022024799636710668,15,0.00017385499904776225,0.0001887440002974472,3.926899989892263e-05,3.143899994029198e-05,1.1131000064779073e-05,0.0001547089996165596,205,0.0007433049922838109,0.007063404999826162,upf4ros2_node_problem,0.20328899999999983,46,1,1.16064453125,155840,155840,47,10,0.0012018150000585592,"PROBLEM_CLASS: ['ACTION_BASED'] | PROBLEM_TYPE: ['GENERAL_NUMERIC_PLANNING'] | TIME: ['CONTINUOUS_TIME'] | EXPRESSION_DURATION: ['REAL_TYPE_DURATIONS', 'STATIC_FLUENTS_IN_DURATIONS', 'INT_TYPE_DURATIONS'] | CONDITIONS_KIND: ['NEGATIVE_CONDITIONS'] | EFFECTS_KIND: ['FLUENTS_IN_NUMERIC_ASSIGNMENTS', 'INCREASE_EFFECTS', 'DECREASE_EFFECTS'] | TYPING: ['FLAT_TYPING'] | FLUENTS_TYPE: ['REAL_FLUENTS']",9.90999978967011e-07,15,0.09768071599955874,25.20999999999998,58762,301428,298492,0.08349746799922286,25.31470431100024,True,25.523234395000145,6.523199954244774e-05
15,15,0.0002563210000516847,161,0.0012024099969494273,125,0.002887636998821108,46,0.0005391489976318553,1,7.10299991624197e-06,47,0.0004476810017877142,15,0.00033317399902443867,0.0003073269999731565,7.813500178599497e-05,4.046599951834651e-05,1.494799926149426e-05,0.00029673800236196257,205,0.0010889990044233855,0.013036074999945413,upf4ros2_node_problem,0.21467599999999898,46,1,1.1044921875,156032,155840,47,10,0.001653822999287513,"PROBLEM_CLASS: ['ACTION_BASED'] | PROBLEM_TYPE: ['GENERAL_NUMERIC_PLANNING'] | TIME: ['CONTINUOUS_TIME'] | EXPRESSION_DURATION: ['REAL_TYPE_DURATIONS', 'STATIC_FLUENTS_IN_DURATIONS', 'INT_TYPE_DURATIONS'] | CONDITIONS_KIND: ['NEGATIVE_CONDITIONS'] | EFFECTS_KIND: ['FLUENTS_IN_NUMERIC_ASSIGNMENTS', 'INCREASE_EFFECTS', 'DECREASE_EFFECTS'] | TYPING: ['FLAT_TYPING'] | FLUENTS_TYPE: ['REAL_FLUENTS']",1.3829994713887572e-06,16,0.10056082000028255,25.269999999999982,58762,301676,301428,0.08510877299977437,25.364573042999837,True,25.58694350099995,6.725599996570963e-05
15,15,0.0001296010022997507,161,0.0005798810052510817,125,0.001482029001635965,46,0.0007030880015008734,1,4.959999387210701e-06,47,0.0002314060011485708,15,0.00017932699938683072,0.00032461899991176324,4.363800235296367e-05,4.170800002611941e-05,1.591000000189524e-05,0.0001600619980308693,205,0.0007447289926858502,0.00784909100002551,upf4ros2_node_problem,0.20732600000000012,46,1,1.12548828125,156224,156032,47,10,0.0021320010000636103,"PROBLEM_CLASS: ['ACTION_BASED'] | PROBLEM_TYPE: ['GENERAL_NUMERIC_PLANNING'] | TIME: ['CONTINUOUS_TIME'] | EXPRESSION_DURATION: ['REAL_TYPE_DURATIONS', 'STATIC_FLUENTS_IN_DURATIONS', 'INT_TYPE_DURATIONS'] | CONDITIONS_KIND: ['NEGATIVE_CONDITIONS'] | EFFECTS_KIND: ['FLUENTS_IN_NUMERIC_ASSIGNMENTS', 'INCREASE_EFFECTS', 'DECREASE_EFFECTS'] | TYPING: ['FLAT_TYPING'] | FLUENTS_TYPE: ['REAL_FLUENTS']",1.0320000001229346e-06,17,0.10095400800037169,25.139999999999986,58762,301680,301676,0.08465767599955143,25.12845821099927,True,25.345654890000333,6.48220002403832e-05
15,15,0.0002710009994189022,161,0.0012187739985165535,125,0.0027565109949136968,46,0.0005332890013960423,1,7.19399940862786e-06,47,0.00046339100299519487,15,0.0003401060002943268,0.00030768699980399106,7.887799438321963e-05,4.159800027991878e-05,1.5558999621134717e-05,0.0007351449994530412,205,0.0015675120002924814,0.014685539999845787,upf4ros2_node_problem,0.2130510000000001,46,1,1.08203125,156416,156224,47,10,0.001147382999988622,"PROBLEM_CLASS: ['ACTION_BASED'] | PROBLEM_TYPE: ['GENERAL_NUMERIC_PLANNING'] | TIME: ['CONTINUOUS_TIME'] | EXPRESSION_DURATION: ['REAL_TYPE_DURATIONS', 'STATIC_FLUENTS_IN_DURATIONS', 'INT_TYPE_DURATIONS'] | CONDITIONS_KIND: ['NEGATIVE_CONDITIONS'] | EFFECTS_KIND: ['FLUENTS_IN_NUMERIC_ASSIGNMENTS', 'INCREASE_EFFECTS', 'DECREASE_EFFECTS'] | TYPING: ['FLAT_TYPING'] | FLUENTS_TYPE: ['REAL_FLUENTS']",1.1920001270482317e-06,18,0.09942174299976614,25.32000000000005,58762,298512,301680,0.08570388800035289,25.32616267999947,True,25.548857206999855,6.697600019833772e-05
15,15,0.0002493860010872595,161,0.00121697000668064,125,0.002874448004149599,46,0.0005386830016504973,1,9.327000043413136e-06,47,0.00044184699981997255,15,0.0003262839982198784,0.0002989509994222317,8.024799990380416e-05,4.296099996281555e-05,1.5830000847927295e-05,0.00029833599819539813,205,0.0015334079953390756,0.014008418999765127,upf4ros2_node_problem,0.26682699999999926,46,1,1.18505859375,156608,156416,47,10,0.0011703059999490506,"PROBLEM_CLASS: ['ACTION_BASED'] | PROBLEM_TYPE: ['GENERAL_NUMERIC_PLANNING'] | TIME: ['CONTINUOUS_TIME'] | EXPRESSION_DURATION: ['REAL_TYPE_DURATIONS', 'STATIC_FLUENTS_IN_DURATIONS', 'INT_TYPE_DURATIONS'] | CONDITIONS_KIND: ['NEGATIVE_CONDITIONS'] | EFFECTS_KIND: ['FLUENTS_IN_NUMERIC_ASSIGNMENTS', 'INCREASE_EFFECTS', 'DECREASE_EFFECTS'] | TYPING: ['FLAT_TYPING'] | FLUENTS_TYPE: ['REAL_FLUENTS']",1.1319998520775698e-06,19,0.14997348300039448,25.30000000000001,58762,301540,298512,0.08307155900001817,25.409253166999406,True,25.683894743000565,6.686599954264238e-05
15,15,0.00012224900092405733,161,0.0005765060050180182,125,0.0013032379911237513,46,0.0003307690012661624,1,5.009999767935369e-06,47,0.00022093200277595315,15,0.0002827609987434698,0.0004182049997325521,3.879000087181339e-05,4.9313000090478454e-05,1.7903000298247207e-05,0.00015282800086424686,205,0.0007384829996226472,0.007275934999597666,upf4ros2_node_problem,0.21083200000000168,46,1,1.189453125,156608,156608,47,10,0.0011613290007517207,"PROBLEM_CLASS: ['ACTION_BASED'] | PROBLEM_TYPE: ['GENERAL_NUMERIC_PLANNING'] | TIME: ['CONTINUOUS_TIME'] | EXPRESSION_DURATION: ['REAL_TYPE_DURATIONS', 'STATIC_FLUENTS_IN_DURATIONS', 'INT_TYPE_DURATIONS'] | CONDITIONS_KIND: ['NEGATIVE_CONDITIONS'] | EFFECTS_KIND: ['FLUENTS_IN_NUMERIC_ASSIGNMENTS', 'INCREASE_EFFECTS', 'DECREASE_EFFECTS'] | TYPING: ['FLAT_TYPING'] | FLUENTS_TYPE: ['REAL_FLUENTS']",1.0320000001229346e-06,20,0.10180114800004958,25.319999999999993,58762,301704,301540,0.08698316000027262,25.32220476100065,True,25.53668982200088,6.647400005022064e-05
15,15,0.00011983299918938428,161,0.0005766939848399488,125,0.0013399319905147422,46,0.0005210520066611934,1,4.978999641025439e-06,47,0.0004155879923928296,15,0.00017831500372267328,0.0003198300000804011,9.304000377596822e-05,4.058599915879313e-05,1.4397000995813869e-05,0.0002987709995068144,205,0.0007389399925159523,0.00783726800000295,upf4ros2_node_problem,0.21860999999999997,46,1,1.123046875,156608,156608,47,10,0.00147329500032356,"PROBLEM_CLASS: ['ACTION_BASED'] | PROBLEM_TYPE: ['GENERAL_NUMERIC_PLANNING'] | TIME: ['CONTINUOUS_TIME'] | EXPRESSION_DURATION: ['REAL_TYPE_DURATIONS', 'STATIC_FLUENTS_IN_DURATIONS', 'INT_TYPE_DURATIONS'] | CONDITIONS_KIND: ['NEGATIVE_CONDITIONS'] | EFFECTS_KIND: ['FLUENTS_IN_NUMERIC_ASSIGNMENTS', 'INCREASE_EFFECTS', 'DECREASE_EFFECTS'] | TYPING: ['FLAT_TYPING'] | FLUENTS_TYPE: ['REAL_FLUENTS']",1.3730004866374657e-06,21,0.10471751099976245,25.159999999999968,58762,301716,301704,0.09130902800097829,25.164039835999574,True,25.391401101000156,5.134599996381439e-05
15,15,0.00012709799921140075,161,0.0005672349852829939,125,0.0014749670026503736,46,0.0002651429967954755,1,4.458999683265574e-06,47,0.00022248200548347086,15,0.00017023899999912828,0.00024158300038834568,3.9373006075038575e-05,4.6967999878688715e-05,1.4867999198031612e-05,0.00014978300168877468,205,0.0007312579928111518,0.007055561000015587,upf4ros2_node_problem,0.2089370000000006,46,1,1.1484375,156608,156608,47,10,0.001160387999334489,"PROBLEM_CLASS: ['ACTION_BASED'] | PROBLEM_TYPE: ['GENERAL_NUMERIC_PLANNING'] | TIME: ['CONTINUOUS_TIME'] | EXPRESSION_DURATION: ['REAL_TYPE_DURATIONS', 'STATIC_FLUENTS_IN_DURATIONS', 'INT_TYPE_DURATIONS'] | CONDITIONS_KIND: ['NEGATIVE_CONDITIONS'] | EFFECTS_KIND: ['FLUENTS_IN_NUMERIC_ASSIGNMENTS', 'INCREASE_EFFECTS', 'DECREASE_EFFECTS'] | TYPING: ['FLAT_TYPING'] | FLUENTS_TYPE: ['REAL_FLUENTS']",1.1920001270482317e-06,22,0.10093334900011541,25.100000000000023,58762,301724,301716,0.08802628699959314,25.092194759999984,True,25.30848233300094,6.196600043040235e-05
15,15,0.00025890399774652906,161,0.001079192996257916,125,0.0025677410048956517,46,0.0005369299906305969,1,5.629999577649869e-06,47,0.0004579350006679306,15,0.00031245400168700144,0.000325971999700414,7.922900658741128e-05,4.517500019574072e-05,1.5780000467202626e-05,0.0002720820048125461,205,0.0007326980030484265,0.011258508999162586,upf4ros2_node_problem,0.21433700000000044,46,1,1.24462890625,156608,156608,47,10,0.0011639839995041257,"PROBLEM_CLASS: ['ACTION_BASED'] | PROBLEM_TYPE: ['GENERAL_NUMERIC_PLANNING'] | TIME: ['CONTINUOUS_TIME'] | EXPRESSION_DURATION: ['REAL_TYPE_DURATIONS', 'STATIC_FLUENTS_IN_DURATIONS', 'INT_TYPE_DURATIONS'] | CONDITIONS_KIND: ['NEGATIVE_CONDITIONS'] | EFFECTS_KIND: ['FLUENTS_IN_NUMERIC_ASSIGNMENTS', 'INCREASE_EFFECTS', 'DECREASE_EFFECTS'] | TYPING: ['FLAT_TYPING'] | FLUENTS_TYPE: ['REAL_FLUENTS']",1.0320000001229346e-06,23,0.09955450200141058,25.25,58762,298540,301724,0.0899360120001802,25.25052266700004,True,25.473847065999507,6.558299901371356e-05
15,15,0.00012960200183442794,161,0.0005775019944849191,125,0.0014569130107702222,46,0.0002682979975361377,1,5.1990009524161e-06,47,0.00022053700558899436,15,0.00017345599735563155,0.00017855500118457712,3.8709002183168195e-05,3.2251000448013656e-05,1.0219000614597462e-05,0.00015171800077951048,205,0.0007360779964074027,0.007019033000688069,upf4ros2_node_problem,0.20413500000000262,46,1,1.228515625,156608,156608,47,10,0.0011231770004087593,"PROBLEM_CLASS: ['ACTION_BASED'] | PROBLEM_TYPE: ['GENERAL_NUMERIC_PLANNING'] | TIME: ['CONTINUOUS_TIME'] | EXPRESSION_DURATION: ['REAL_TYPE_DURATIONS', 'STATIC_FLUENTS_IN_DURATIONS', 'INT_TYPE_DURATIONS'] | CONDITIONS_KIND: ['NEGATIVE_CONDITIONS'] | EFFECTS_KIND: ['FLUENTS_IN_NUMERIC_ASSIGNMENTS', 'INCREASE_EFFECTS', 'DECREASE_EFFECTS'] | TYPING: ['FLAT_TYPING'] | FLUENTS_TYPE: ['REAL_FLUENTS']",1.1020001693395898e-06,24,0.10064832500029297,25.190000000000055,58762,301348,298540,0.0824539300010656,25.189320891000534,True,25.401758177999,7.368799924734049e-05
15,15,0.00012652700024773367,161,0.0005687440007022815,125,0.0014415809982892824,46,0.00026473499565327074,1,5.048999810242094e-06,47,0.00022518299920193385,15,0.00016745299762987997,0.00019392400099604856,3.8011001379345544e-05,3.5025999750359915e-05,1.1190999430255033e-05,0.00014753600044059567,205,0.0007395529901259579,0.006996649999564397,upf4ros2_node_problem,0.2146689999999989,46,1,1.3193359375,156608,156608,47,10,0.001162100999863469,"PROBLEM_CLASS: ['ACTION_BASED'] | PROBLEM_TYPE: ['GENERAL_NUMERIC_PLANNING'] | TIME: ['CONTINUOUS_TIME'] | EXPRESSION_DURATION: ['REAL_TYPE_DURATIONS', 'STATIC_FLUENTS_IN_DURATIONS', 'INT_TYPE_DURATIONS'] | CONDITIONS_KIND: ['NEGATIVE_CONDITIONS'] | EFFECTS_KIND: ['FLUENTS_IN_NUMERIC_ASSIGNMENTS', 'INCREASE_EFFECTS', 'DECREASE_EFFECTS'] | TYPING: ['FLAT_TYPING'] | FLUENTS_TYPE: ['REAL_FLUENTS']",1.0519997886149213e-06,25,0.10374531700108491,25.190000000000055,58762,301728,301348,0.08839825600080076,25.29685516799873,True,25.51932286900046,7.527100024162792e-05
15,15,0.00025188300242007244,161,0.0011968399921897799,125,0.00288790199374489,46,0.0005285839979478624,1,8.586001058574766e-06,47,0.00044563599294633605,15,0.00032485999690834433,0.0002957050000986783,7.710700629104394e-05,4.316100057621952e-05,1.541900019219611e-05,0.0002943009985756362,205,0.0015197699976852164,0.014038475001143524,upf4ros2_node_problem,0.21630000000000038,46,1,1.208984375,156608,156608,47,10,0.0012276030010980321,"PROBLEM_CLASS: ['ACTION_BASED'] | PROBLEM_TYPE: ['GENERAL_NUMERIC_PLANNING'] | TIME: ['CONTINUOUS_TIME'] | EXPRESSION_DURATION: ['REAL_TYPE_DURATIONS', 'STATIC_FLUENTS_IN_DURATIONS', 'INT_TYPE_DURATIONS'] | CONDITIONS_KIND: ['NEGATIVE_CONDITIONS'] | EFFECTS_KIND: ['FLUENTS_IN_NUMERIC_ASSIGNMENTS', 'INCREASE_EFFECTS', 'DECREASE_EFFECTS'] | TYPING: ['FLAT_TYPING'] | FLUENTS_TYPE: ['REAL_FLUENTS']",1.022001015371643e-06,26,0.0984685340008582,25.049999999999955,58762,301736,301728,0.08693223400041461,25.055706660001306,True,25.282576864001385,8.501000047544949e-05
15,15,0.00013513199883163907,161,0.0005799949922220549,125,0.0014819230036664521,46,0.00027870500161952805,1,5.280000550555997e-06,47,0.0002187530008086469,15,0.00017909500456880778,0.00018973599981109146,3.8897002013982274e-05,3.3673999496386386e-05,1.1752001228160225e-05,0.00015310599883378018,205,0.0007494540059269639,0.0071593359989492455,upf4ros2_node_problem,0.21007000000000176,46,1,1.13671875,156608,156608,47,10,0.0016197699987969827,"PROBLEM_CLASS: ['ACTION_BASED'] | PROBLEM_TYPE: ['GENERAL_NUMERIC_PLANNING'] | TIME: ['CONTINUOUS_TIME'] | EXPRESSION_DURATION: ['REAL_TYPE_DURATIONS', 'STATIC_FLUENTS_IN_DURATIONS', 'INT_TYPE_DURATIONS'] | CONDITIONS_KIND: ['NEGATIVE_CONDITIONS'] | EFFECTS_KIND: ['FLUENTS_IN_NUMERIC_ASSIGNMENTS', 'INCREASE_EFFECTS', 'DECREASE_EFFECTS'] | TYPING: ['FLAT_TYPING'] | FLUENTS_TYPE: ['REAL_FLUENTS']",9.920004231389612e-07,27,0.09986788099922705,25.190000000000055,58762,298564,301736,0.08869364999918616,25.180131105000328,True,25.394970691000708,6.550299985974561e-05
15,15,0.00012292200153751764,161,0.0005805249984405236,125,0.0014668510120827705,46,0.0002677770007721847,1,4.92899926030077e-06,47,0.00021935900258540642,15,0.00017549899530422408,0.00017251300050702412,3.8413001675507985e-05,3.254200055380352e-05,1.0309000572306104e-05,0.00015435699970112182,205,0.0007341830059885979,0.007017820000328356,upf4ros2_node_problem,0.20617600000000103,46,1,1.146484375,156608,156608,47,10,0.0011477839998406125,"PROBLEM_CLASS: ['ACTION_BASED'] | PROBLEM_TYPE: ['GENERAL_NUMERIC_PLANNING'] | TIME: ['CONTINUOUS_TIME'] | EXPRESSION_DURATION: ['REAL_TYPE_DURATIONS', 'STATIC_FLUENTS_IN_DURATIONS', 'INT_TYPE_DURATIONS'] | CONDITIONS_KIND: ['NEGATIVE_CONDITIONS'] | EFFECTS_KIND: ['FLUENTS_IN_NUMERIC_ASSIGNMENTS', 'INCREASE_EFFECTS', 'DECREASE_EFFECTS'] | TYPING: ['FLAT_TYPING'] | FLUENTS_TYPE: ['REAL_FLUENTS']",1.1219999578315765e-06,28,0.09833820899984858,25.209999999999923,58762,301452,298564,0.08671150999907695,25.207832161000624,True,25.418320520000634,6.496199966932181e-05
15,15,0.00014552300490322523,161,0.0005895370140933665,125,0.0015309590053220745,46,0.00027164199127582833,1,5.170000804355368e-06,47,0.00022846899264550302,15,0.00018234899653180037,0.00020650800070143305,3.904700315615628e-05,3.278099939052481e-05,1.1762000212911516e-05,0.0001600110081199091,205,0.0007396790024358779,0.007253302001117845,upf4ros2_node_problem,0.2059280000000001,46,1,1.15771484375,156608,156608,47,10,0.0011800049996963935,"PROBLEM_CLASS: ['ACTION_BASED'] | PROBLEM_TYPE: ['GENERAL_NUMERIC_PLANNING'] | TIME: ['CONTINUOUS_TIME'] | EXPRESSION_DURATION: ['REAL_TYPE_DURATIONS', 'STATIC_FLUENTS_IN_DURATIONS', 'INT_TYPE_DURATIONS'] | CONDITIONS_KIND: ['NEGATIVE_CONDITIONS'] | EFFECTS_KIND: ['FLUENTS_IN_NUMERIC_ASSIGNMENTS', 'INCREASE_EFFECTS', 'DECREASE_EFFECTS'] | TYPING: ['FLAT_TYPING'] | FLUENTS_TYPE: ['REAL_FLUENTS']",1.2229993444634601e-06,29,0.09771744399949966,25.3599999999999,58762,301748,301452,0.08572069100046065,25.362315017000583,True,25.571042051000404,6.46619992039632e-05
15,15,0.000193161002243869,161,0.0008175690127245616,125,0.002212644989413093,46,0.0005303259986249031,1,5.710000550607219e-06,47,0.0004522400049609132,15,0.0002569439984654309,0.0003143599988106871,7.756900049571414e-05,3.746000038518105e-05,1.4257000657380559e-05,0.00022360799812304322,205,0.0007705259977228707,0.009888998998576426,upf4ros2_node_problem,0.2048469999999991,46,1,1.16552734375,156608,156608,47,10,0.00160439100000076,"PROBLEM_CLASS: ['ACTION_BASED'] | PROBLEM_TYPE: ['GENERAL_NUMERIC_PLANNING'] | TIME: ['CONTINUOUS_TIME'] | EXPRESSION_DURATION: ['REAL_TYPE_DURATIONS', 'STATIC_FLUENTS_IN_DURATIONS', 'INT_TYPE_DURATIONS'] | CONDITIONS_KIND: ['NEGATIVE_CONDITIONS'] | EFFECTS_KIND: ['FLUENTS_IN_NUMERIC_ASSIGNMENTS', 'INCREASE_EFFECTS', 'DECREASE_EFFECTS'] | TYPING: ['FLAT_TYPING'] | FLUENTS_TYPE: ['REAL_FLUENTS']",9.720006346469745e-07,30,0.09853736399963964,25.139999999999986,58762,301760,301748,0.08264474800125754,25.140809959000762,True,25.354898764999234,6.408099943655543e-05
15,15,0.0002563439975347137,161,0.0012006429897155613,125,0.0026972899941029027,46,0.00052899799811712,1,8.15499879536219e-06,47,0.00044800800424127374,15,0.00031731699527881574,0.0002984299990202999,7.74060026742518e-05,4.033599907415919e-05,1.4807999832555652e-05,0.0007228639969980577,205,0.0015400280099129304,0.014243679999708547,upf4ros2_node_problem,0.22183600000000148,46,1,1.10791015625,156992,156608,47,10,0.0016838399988046149,"PROBLEM_CLASS: ['ACTION_BASED'] | PROBLEM_TYPE: ['GENERAL_NUMERIC_PLANNING'] | TIME: ['CONTINUOUS_TIME'] | EXPRESSION_DURATION: ['REAL_TYPE_DURATIONS', 'STATIC_FLUENTS_IN_DURATIONS', 'INT_TYPE_DURATIONS'] | CONDITIONS_KIND: ['NEGATIVE_CONDITIONS'] | EFFECTS_KIND: ['FLUENTS_IN_NUMERIC_ASSIGNMENTS', 'INCREASE_EFFECTS', 'DECREASE_EFFECTS'] | TYPING: ['FLAT_TYPING'] | FLUENTS_TYPE: ['REAL_FLUENTS']",1.2330001482041553e-06,31,0.10264754200034076,25.159999999999968,58762,298580,301760,0.08667839400004596,25.158033794999938,True,25.39019653899959,0.00010682100037229247
15,15,0.0001442480006517144,161,0.0005710189889214234,125,0.05026850201829802,46,0.00029112299853295553,1,5.380001312005334e-06,47,0.0002210569964518072,15,0.00017095999828597996,0.00021887099865125492,4.3914995330851525e-05,3.5475999538903125e-05,1.2202999641885981e-05,0.00015313100811908953,205,0.0007329839900194202,0.05595341399930476,upf4ros2_node_problem,0.2578959999999988,46,1,1.1279296875,156992,156992,47,10,0.0011596759995882167,"PROBLEM_CLASS: ['ACTION_BASED'] | PROBLEM_TYPE: ['GENERAL_NUMERIC_PLANNING'] | TIME: ['CONTINUOUS_TIME'] | EXPRESSION_DURATION: ['REAL_TYPE_DURATIONS', 'STATIC_FLUENTS_IN_DURATIONS', 'INT_TYPE_DURATIONS'] | CONDITIONS_KIND: ['NEGATIVE_CONDITIONS'] | EFFECTS_KIND: ['FLUENTS_IN_NUMERIC_ASSIGNMENTS', 'INCREASE_EFFECTS', 'DECREASE_EFFECTS'] | TYPING: ['FLAT_TYPING'] | FLUENTS_TYPE: ['REAL_FLUENTS']",1.3119988580001518e-06,32,0.09984087500015448,25.25999999999999,58762,301536,298580,0.08693634799965366,25.35460618900106,True,25.616372959999353,7.446000017807819e-05
15,15,0.0001249229972017929,161,0.000572398002987029,125,0.0014597549889003858,46,0.00026193299527221825,1,5.359999704523943e-06,47,0.00021826199736096896,15,0.00016452900126751047,0.0001698989999567857,3.8622994907200336e-05,3.0606999644078314e-05,1.070100006472785e-05,0.0001481589952163631,205,0.0007369209670287091,0.0069671040000685025,upf4ros2_node_problem,0.2052959999999988,46,1,1.08349609375,156992,156992,47,10,0.0011483250000310363,"PROBLEM_CLASS: ['ACTION_BASED'] | PROBLEM_TYPE: ['GENERAL_NUMERIC_PLANNING'] | TIME: ['CONTINUOUS_TIME'] | EXPRESSION_DURATION: ['REAL_TYPE_DURATIONS', 'STATIC_FLUENTS_IN_DURATIONS', 'INT_TYPE_DURATIONS'] | CONDITIONS_KIND: ['NEGATIVE_CONDITIONS'] | EFFECTS_KIND: ['FLUENTS_IN_NUMERIC_ASSIGNMENTS', 'INCREASE_EFFECTS', 'DECREASE_EFFECTS'] | TYPING: ['FLAT_TYPING'] | FLUENTS_TYPE: ['REAL_FLUENTS']",1.0919993655988947e-06,33,0.10020983699905628,25.350000000000023,58762,301768,301536,0.08403115599867306,25.351768001999517,True,25.56285352300074,6.601400127692614e-05
15,15,0.0002099719986290438,161,0.0008211210115405265,125,0.002009696003369754,46,0.0005366320019675186,1,6.270998710533604e-06,47,0.0004490630071813939,15,0.0002633070016599959,0.000310453000565758,7.752701276331209e-05,4.170800093561411e-05,1.5198998880805448e-05,0.0004139890043006744,205,0.0007447490079357522,0.010013691999120056,upf4ros2_node_problem,0.2091940000000001,46,1,1.134765625,156992,156992,47,10,0.001653212000746862,"PROBLEM_CLASS: ['ACTION_BASED'] | PROBLEM_TYPE: ['GENERAL_NUMERIC_PLANNING'] | TIME: ['CONTINUOUS_TIME'] | EXPRESSION_DURATION: ['REAL_TYPE_DURATIONS', 'STATIC_FLUENTS_IN_DURATIONS', 'INT_TYPE_DURATIONS'] | CONDITIONS_KIND: ['NEGATIVE_CONDITIONS'] | EFFECTS_KIND: ['FLUENTS_IN_NUMERIC_ASSIGNMENTS', 'INCREASE_EFFECTS', 'DECREASE_EFFECTS'] | TYPING: ['FLAT_TYPING'] | FLUENTS_TYPE: ['REAL_FLUENTS']",1.2830005289288238e-06,34,0.0981397420000576,25.300000000000068,58762,301788,301768,0.08723863499835716,25.30456917799893,True,25.523951117998877,6.71559992042603e-05
15,15,0.000119332997201127,161,0.0005739039970649173,125,0.001435978005247307,46,0.0003330060026200954,1,4.7290013753809035e-06,47,0.00021019900668761693,15,0.00016734100063331425,0.00039202600055432413,3.82289981644135e-05,4.560499837680254e-05,1.662099930399563e-05,0.0001466590056224959,205,0.0007438590182573535,0.0072574990008433815,upf4ros2_node_problem,0.20883199999999924,46,1,1.08740234375,156992,156992,47,10,0.0011179979992448352,"PROBLEM_CLASS: ['ACTION_BASED'] | PROBLEM_TYPE: ['GENERAL_NUMERIC_PLANNING'] | TIME: ['CONTINUOUS_TIME'] | EXPRESSION_DURATION: ['REAL_TYPE_DURATIONS', 'STATIC_FLUENTS_IN_DURATIONS', 'INT_TYPE_DURATIONS'] | CONDITIONS_KIND: ['NEGATIVE_CONDITIONS'] | EFFECTS_KIND: ['FLUENTS_IN_NUMERIC_ASSIGNMENTS', 'INCREASE_EFFECTS', 'DECREASE_EFFECTS'] | TYPING: ['FLAT_TYPING'] | FLUENTS_TYPE: ['REAL_FLUENTS']",1.0819985618581995e-06,35,0.10119949399995676,25.25,58762,298600,301788,0.08690519999981916,25.249580153000352,True,25.467783912001323,6.328900053631514e-05
15,15,0.0002599560029921122,161,0.0011966170168307144,125,0.0028813790013373364,46,0.0005287900039547822,1,8.365999747184105e-06,47,0.0004491910021897638,15,0.00032578200261923485,0.00030374000016308855,7.863899736548774e-05,4.242999966663774e-05,1.491799957875628e-05,0.0002972779966512462,205,0.0015353450016846182,0.01405991499996162,upf4ros2_node_problem,0.229476,46,1,1.18798828125,156992,156992,47,10,0.0016419610001321416,"PROBLEM_CLASS: ['ACTION_BASED'] | PROBLEM_TYPE: ['GENERAL_NUMERIC_PLANNING'] | TIME: ['CONTINUOUS_TIME'] | EXPRESSION_DURATION: ['REAL_TYPE_DURATIONS', 'STATIC_FLUENTS_IN_DURATIONS', 'INT_TYPE_DURATIONS'] | CONDITIONS_KIND: ['NEGATIVE_CONDITIONS'] | EFFECTS_KIND: ['FLUENTS_IN_NUMERIC_ASSIGNMENTS', 'INCREASE_EFFECTS', 'DECREASE_EFFECTS'] | TYPING: ['FLAT_TYPING'] | FLUENTS_TYPE: ['REAL_FLUENTS']",1.022001015371643e-06,36,0.10904922599911515,25.210000000000036,58762,301496,298600,0.08680443000048399,25.20597667599941,True,25.44489334499849,0.00010632899829943199
15,15,0.00028706900229735766,161,0.0012749070119753014,125,0.0030191820151230786,46,0.0005301239943946712,1,5.8010009524878114e-06,47,0.00044749800326826517,15,0.0003215649976482382,0.0003067560010094894,8.22569963929709e-05,3.974399987782817e-05,1.4085999282542616e-05,0.0002985110004374292,205,0.001380107993099955,0.014275659999839263,upf4ros2_node_problem,0.21626100000000115,46,1,1.18505859375,156992,156992,47,10,0.0011465709994809004,"PROBLEM_CLASS: ['ACTION_BASED'] | PROBLEM_TYPE: ['GENERAL_NUMERIC_PLANNING'] | TIME: ['CONTINUOUS_TIME'] | EXPRESSION_DURATION: ['REAL_TYPE_DURATIONS', 'STATIC_FLUENTS_IN_DURATIONS', 'INT_TYPE_DURATIONS'] | CONDITIONS_KIND: ['NEGATIVE_CONDITIONS'] | EFFECTS_KIND: ['FLUENTS_IN_NUMERIC_ASSIGNMENTS', 'INCREASE_EFFECTS', 'DECREASE_EFFECTS'] | TYPING: ['FLAT_TYPING'] | FLUENTS_TYPE: ['REAL_FLUENTS']",1.603000782779418e-06,37,0.10008940099942265,25.299999999999955,58762,301796,301496,0.085663840000052,25.308565396999256,True,25.531686984999396,6.771799962734804e-05
15,15,0.00012521300050138962,161,0.0005804759948659921,125,0.0014383239977178164,46,0.0002717930037761107,1,4.7789999371161684e-06,47,0.00021924200336798094,15,0.00016844500350998715,0.0001811399997677654,3.90029981645057e-05,3.0467999749816954e-05,1.0510000720387325e-05,0.00015217499640129972,205,0.0007382699768641032,0.006980139998631785,upf4ros2_node_problem,0.20535899999999785,46,1,1.3330078125,156992,156992,47,10,0.0016279460014629876,"PROBLEM_CLASS: ['ACTION_BASED'] | PROBLEM_TYPE: ['GENERAL_NUMERIC_PLANNING'] | TIME: ['CONTINUOUS_TIME'] | EXPRESSION_DURATION: ['REAL_TYPE_DURATIONS', 'STATIC_FLUENTS_IN_DURATIONS', 'INT_TYPE_DURATIONS'] | CONDITIONS_KIND: ['NEGATIVE_CONDITIONS'] | EFFECTS_KIND: ['FLUENTS_IN_NUMERIC_ASSIGNMENTS', 'INCREASE_EFFECTS', 'DECREASE_EFFECTS'] | TYPING: ['FLAT_TYPING'] | FLUENTS_TYPE: ['REAL_FLUENTS']",1.1920001270482317e-06,38,0.09952567300024384,25.340000000000032,58762,301800,301796,0.08572662799997488,25.340874350000377,True,25.555979402999583,6.285800009209197e-05
15,15,0.00012265200712135993,161,0.0005732879781135125,125,0.0014142810068733525,46,0.0002634530010254821,1,4.919000275549479e-06,47,0.0002231820035376586,15,0.00016861600124684628,0.00017421699885744601,3.935300264856778e-05,3.69890003639739e-05,1.097000131267123e-05,0.00014985099733166862,205,0.0007231800027511781,0.006903745999807143,upf4ros2_node_problem,0.20133500000000026,46,1,1.5830078125,157184,156992,47,10,0.001138005000029807,"PROBLEM_CLASS: ['ACTION_BASED'] | PROBLEM_TYPE: ['GENERAL_NUMERIC_PLANNING'] | TIME: ['CONTINUOUS_TIME'] | EXPRESSION_DURATION: ['REAL_TYPE_DURATIONS', 'STATIC_FLUENTS_IN_DURATIONS', 'INT_TYPE_DURATIONS'] | CONDITIONS_KIND: ['NEGATIVE_CONDITIONS'] | EFFECTS_KIND: ['FLUENTS_IN_NUMERIC_ASSIGNMENTS', 'INCREASE_EFFECTS', 'DECREASE_EFFECTS'] | TYPING: ['FLAT_TYPING'] | FLUENTS_TYPE: ['REAL_FLUENTS']",1.0219991963822395e-06,39,0.09837067600165028,25.090000000000032,58762,298620,301800,0.08411879000050249,25.081708640000215,True,25.290360132999922,6.534299973282032e-05
15,15,0.00013908299661125056,161,0.0005969290305074537,125,0.0014812610061198939,46,0.0002633789990795776,1,5.4109987104311585e-06,47,0.00022639500093646348,15,0.00017872399621410295,0.00018329399972571991,3.8565995055250823e-05,3.0466999305645004e-05,1.1300999176455662e-05,0.00015413700930366758,205,0.0007605729915667325,0.007226380999782123,upf4ros2_node_problem,0.20667499999999883,46,1,1.5947265625,157184,157184,47,10,0.0011259430011705263,"PROBLEM_CLASS: ['ACTION_BASED'] | PROBLEM_TYPE: ['GENERAL_NUMERIC_PLANNING'] | TIME: ['CONTINUOUS_TIME'] | EXPRESSION_DURATION: ['REAL_TYPE_DURATIONS', 'STATIC_FLUENTS_IN_DURATIONS', 'INT_TYPE_DURATIONS'] | CONDITIONS_KIND: ['NEGATIVE_CONDITIONS'] | EFFECTS_KIND: ['FLUENTS_IN_NUMERIC_ASSIGNMENTS', 'INCREASE_EFFECTS', 'DECREASE_EFFECTS'] | TYPING: ['FLAT_TYPING'] | FLUENTS_TYPE: ['REAL_FLUENTS']",8.120005077216774e-07,40,0.09949916299956385,25.339999999999918,58762,301608,298620,0.08655564299988328,25.439447044998815,True,25.65328600199973,6.454100002883933e-05
15,15,0.00025807499696384184,161,0.0012122870048187906,125,0.0028956289988855133,46,0.0005272630023682723,1,7.384000127785839e-06,47,0.00044637300197791774,15,0.00032383499819843564,0.0002977290005219402,7.748899952275679e-05,4.011499913758598e-05,1.4626999472966418e-05,0.00029753000126220286,205,0.0015191720012808219,0.013994072000059532,upf4ros2_node_problem,0.20880800000000121,46,1,1.53271484375,157184,157184,47,10,0.0011209639997105114,"PROBLEM_CLASS: ['ACTION_BASED'] | PROBLEM_TYPE: ['GENERAL_NUMERIC_PLANNING'] | TIME: ['CONTINUOUS_TIME'] | EXPRESSION_DURATION: ['REAL_TYPE_DURATIONS', 'STATIC_FLUENTS_IN_DURATIONS', 'INT_TYPE_DURATIONS'] | CONDITIONS_KIND: ['NEGATIVE_CONDITIONS'] | EFFECTS_KIND: ['FLUENTS_IN_NUMERIC_ASSIGNMENTS', 'INCREASE_EFFECTS', 'DECREASE_EFFECTS'] | TYPING: ['FLAT_TYPING'] | FLUENTS_TYPE: ['REAL_FLUENTS']",1.1530009942362085e-06,41,0.09786786199947528,25.25,58762,301816,301608,0.08468507299949124,25.24797692500033,True,25.467017684000893,6.544300049426965e-05
15,15,0.00016429800052719656,161,0.0006834699961473234,125,0.0019345249929756392,46,0.0002656860033312114,1,4.739000360132195e-06,47,0.0002202829946327256,15,0.0002138600011676317,0.0001734849993226817,3.902399657818023e-05,3.1449000744032674e-05,1.0519999705138616e-05,0.00018165999972552527,205,0.0007241039893415291,0.008146578000378213,upf4ros2_node_problem,0.2527299999999997,46,1,1.35009765625,157184,157184,47,10,0.0011192600013600895,"PROBLEM_CLASS: ['ACTION_BASED'] | PROBLEM_TYPE: ['GENERAL_NUMERIC_PLANNING'] | TIME: ['CONTINUOUS_TIME'] | EXPRESSION_DURATION: ['REAL_TYPE_DURATIONS', 'STATIC_FLUENTS_IN_DURATIONS', 'INT_TYPE_DURATIONS'] | CONDITIONS_KIND: ['NEGATIVE_CONDITIONS'] | EFFECTS_KIND: ['FLUENTS_IN_NUMERIC_ASSIGNMENTS', 'INCREASE_EFFECTS', 'DECREASE_EFFECTS'] | TYPING: ['FLAT_TYPING'] | FLUENTS_TYPE: ['REAL_FLUENTS']",9.810009942157194e-07,42,0.1451685189986165,25.38000000000011,58762,301828,301816,0.08745156400073029,25.368076939001185,True,25.627156517000913,6.716600000800099e-05
15,15,0.00012242000047990587,161,0.0005760739895777078,125,0.001328325000940822,46,0.00046642199231428094,1,4.579000233206898e-06,47,0.00022003500089340378,15,0.00029002299743297044,0.00041737300125532784,3.8749005398130976e-05,4.646700108423829e-05,1.7612999727134593e-05,0.00015317999532271642,205,0.0007398819907393772,0.007452584999555256,upf4ros2_node_problem,0.20940400000000103,46,1,1.22998046875,157184,157184,47,10,0.001187669000501046,"PROBLEM_CLASS: ['ACTION_BASED'] | PROBLEM_TYPE: ['GENERAL_NUMERIC_PLANNING'] | TIME: ['CONTINUOUS_TIME'] | EXPRESSION_DURATION: ['REAL_TYPE_DURATIONS', 'STATIC_FLUENTS_IN_DURATIONS', 'INT_TYPE_DURATIONS'] | CONDITIONS_KIND: ['NEGATIVE_CONDITIONS'] | EFFECTS_KIND: ['FLUENTS_IN_NUMERIC_ASSIGNMENTS', 'INCREASE_EFFECTS', 'DECREASE_EFFECTS'] | TYPING: ['FLAT_TYPING'] | FLUENTS_TYPE: ['REAL_FLUENTS']",1.603000782779418e-06,43,0.10014838200004306,25.059999999999945,58762,298640,301828,0.08817306899982214,25.06088549100059,True,25.27772073199958,6.127500091679394e-05
15,15,0.00019213000086892862,161,0.0008145489973685471,125,0.002009355996051454,46,0.00053733900313091,1,5.259998943074606e-06,47,0.00045694399523199536,15,0.0002449489966238616,0.00031225599923345726,7.891900168033317e-05,4.3521999032236636e-05,1.5028001143946312e-05,0.0002075809989037225,205,0.0007358539951383136,0.00958349500069744,upf4ros2_node_problem,0.20923099999999906,46,1,1.29931640625,157184,157184,47,10,0.001192567999169114,"PROBLEM_CLASS: ['ACTION_BASED'] | PROBLEM_TYPE: ['GENERAL_NUMERIC_PLANNING'] | TIME: ['CONTINUOUS_TIME'] | EXPRESSION_DURATION: ['REAL_TYPE_DURATIONS', 'STATIC_FLUENTS_IN_DURATIONS', 'INT_TYPE_DURATIONS'] | CONDITIONS_KIND: ['NEGATIVE_CONDITIONS'] | EFFECTS_KIND: ['FLUENTS_IN_NUMERIC_ASSIGNMENTS', 'INCREASE_EFFECTS', 'DECREASE_EFFECTS'] | TYPING: ['FLAT_TYPING'] | FLUENTS_TYPE: ['REAL_FLUENTS']",1.2729997251881287e-06,44,0.09981084900027781,25.1400000000001,58762,301532,298640,0.08547380299933138,25.140104456999325,True,25.35803298999963,6.841799950052518e-05
15,15,0.00013821200082020368,161,0.0005862309899384854,125,0.0013589289992523845,46,0.00044012899343215395,1,5.249999958323315e-06,47,0.0002244099941890454,15,0.0005229110010986915,0.0003023170011147158,4.301101034798194e-05,4.201800038572401e-05,3.013600144186057e-05,0.00016761300139478408,205,0.000729966996004805,0.00771098099903611,upf4ros2_node_problem,0.20589500000000172,46,1,1.3564453125,157184,157184,47,10,0.0011613490005402127,"PROBLEM_CLASS: ['ACTION_BASED'] | PROBLEM_TYPE: ['GENERAL_NUMERIC_PLANNING'] | TIME: ['CONTINUOUS_TIME'] | EXPRESSION_DURATION: ['REAL_TYPE_DURATIONS', 'STATIC_FLUENTS_IN_DURATIONS', 'INT_TYPE_DURATIONS'] | CONDITIONS_KIND: ['NEGATIVE_CONDITIONS'] | EFFECTS_KIND: ['FLUENTS_IN_NUMERIC_ASSIGNMENTS', 'INCREASE_EFFECTS', 'DECREASE_EFFECTS'] | TYPING: ['FLAT_TYPING'] | FLUENTS_TYPE: ['REAL_FLUENTS']",1.022001015371643e-06,45,0.09902483299993037,25.319999999999936,58762,301828,301532,0.08414222499959578,25.419185701999595,True,25.632967251998707,5.8068999351235107e-05
15,15,0.00013597499673778657,161,0.000589636001677718,125,0.0015318500009016134,46,0.00027503800447448157,1,5.2699997468153015e-06,47,0.000222163000216824,15,0.00018158400234824512,0.00018521699894336052,3.883500357915182e-05,3.075700078625232e-05,1.0480000128154643e-05,0.00015800800611032173,205,0.0007831910115783103,0.007292764999874635,upf4ros2_node_problem,0.21017300000000105,46,1,1.314453125,157376,157184,47,10,0.0012608060005732113,"PROBLEM_CLASS: ['ACTION_BASED'] | PROBLEM_TYPE: ['GENERAL_NUMERIC_PLANNING'] | TIME: ['CONTINUOUS_TIME'] | EXPRESSION_DURATION: ['REAL_TYPE_DURATIONS', 'STATIC_FLUENTS_IN_DURATIONS', 'INT_TYPE_DURATIONS'] | CONDITIONS_KIND: ['NEGATIVE_CONDITIONS'] | EFFECTS_KIND: ['FLUENTS_IN_NUMERIC_ASSIGNMENTS', 'INCREASE_EFFECTS', 'DECREASE_EFFECTS'] | TYPING: ['FLAT_TYPING'] | FLUENTS_TYPE: ['REAL_FLUENTS']",1.2729997251881287e-06,46,0.10841982499914593,25.200000000000045,58762,301844,301828,0.08180120100041677,25.186625692000234,True,25.405524073999914,7.038199873932172e-05
15,15,0.0002475849942129571,161,0.0010678290018404368,125,0.0023966049993759952,46,0.0005158060048415791,1,5.670999598805793e-06,47,0.000452556003438076,15,0.0003872139986924594,0.000304982999296044,7.960700168041512e-05,4.348199945525266e-05,1.5067998901940882e-05,0.00047668600382166915,205,0.0007315860093513038,0.011396727999454015,upf4ros2_node_problem,0.20748199999999883,46,1,1.4853515625,157376,157376,47,10,0.0016213729995797621,"PROBLEM_CLASS: ['ACTION_BASED'] | PROBLEM_TYPE: ['GENERAL_NUMERIC_PLANNING'] | TIME: ['CONTINUOUS_TIME'] | EXPRESSION_DURATION: ['REAL_TYPE_DURATIONS', 'STATIC_FLUENTS_IN_DURATIONS', 'INT_TYPE_DURATIONS'] | CONDITIONS_KIND: ['NEGATIVE_CONDITIONS'] | EFFECTS_KIND: ['FLUENTS_IN_NUMERIC_ASSIGNMENTS', 'INCREASE_EFFECTS', 'DECREASE_EFFECTS'] | TYPING: ['FLAT_TYPING'] | FLUENTS_TYPE: ['REAL_FLUENTS']",9.720006346469745e-07,47,0.09947577999992063,25.289999999999964,58762,298656,301844,0.08329141799913486,25.29688551899926,True,25.515427342001203,5.702700036636088e-05
15,15,0.00013512599798559677,161,0.0005971830105409026,125,0.001482540992583381,46,0.00026376800815341994,1,4.7080011427169666e-06,47,0.00021571299839706626,15,0.00018010999883699697,0.00019359300131327473,3.76089992641937e-05,3.0458000765065663e-05,1.0068999472423457e-05,0.00015380299919343088,205,0.0007299380176846171,0.0070801769998070085,upf4ros2_node_problem,0.20570999999999984,46,1,1.31884765625,157376,157376,47,10,0.0011367130009602988,"PROBLEM_CLASS: ['ACTION_BASED'] | PROBLEM_TYPE: ['GENERAL_NUMERIC_PLANNING'] | TIME: ['CONTINUOUS_TIME'] | EXPRESSION_DURATION: ['REAL_TYPE_DURATIONS', 'STATIC_FLUENTS_IN_DURATIONS', 'INT_TYPE_DURATIONS'] | CONDITIONS_KIND: ['NEGATIVE_CONDITIONS'] | EFFECTS_KIND: ['FLUENTS_IN_NUMERIC_ASSIGNMENTS', 'INCREASE_EFFECTS', 'DECREASE_EFFECTS'] | TYPING: ['FLAT_TYPING'] | FLUENTS_TYPE: ['REAL_FLUENTS']",1.5929999790387228e-06,48,0.09894953199909651,25.069999999999936,58762,301632,298656,0.08438020099856658,25.181658528999833,True,25.393985499998962,6.410000059986487e-05
15,15,0.00013023399696976412,161,0.0005864950053364737,125,0.0014552029988408322,46,0.0006822830018791137,1,4.7289995563915e-06,47,0.00034821300323528703,15,0.00017773299805412535,0.0003135980005026795,7.118500070646405e-05,4.221900053380523e-05,1.5739000446046703e-05,0.00015394400179502554,205,0.0007377129968517693,0.007993481000085012,upf4ros2_node_problem,0.22531199999999885,46,1,1.20849609375,157568,157376,47,10,0.0011315430001559434,"PROBLEM_CLASS: ['ACTION_BASED'] | PROBLEM_TYPE: ['GENERAL_NUMERIC_PLANNING'] | TIME: ['CONTINUOUS_TIME'] | EXPRESSION_DURATION: ['REAL_TYPE_DURATIONS', 'STATIC_FLUENTS_IN_DURATIONS', 'INT_TYPE_DURATIONS'] | CONDITIONS_KIND: ['NEGATIVE_CONDITIONS'] | EFFECTS_KIND: ['FLUENTS_IN_NUMERIC_ASSIGNMENTS', 'INCREASE_EFFECTS', 'DECREASE_EFFECTS'] | TYPING: ['FLAT_TYPING'] | FLUENTS_TYPE: ['REAL_FLUENTS']",9.420000424142927e-07,49,0.1001185360000818,25.38000000000011,58762,301856,301632,0.10265978499955963,25.372977565999463,True,25.60592872900088,6.270700032473542e-05
15,15,0.00012521400094556157,161,0.0005843829985678894,125,0.001448140004868037,46,0.0003761730058613466,1,4.84999873151537e-06,47,0.0006062789962015813,15,0.00017711100008455105,0.00020059599955857266,0.0001078040058928309,2.9935999918961897e-05,1.083999995898921e-05,0.00015428200640599243,205,0.000734374003513949,0.007740736000414472,upf4ros2_node_problem,0.20757599999999954,46,1,1.2841796875,157568,157568,47,10,0.0011380760006431956,"PROBLEM_CLASS: ['ACTION_BASED'] | PROBLEM_TYPE: ['GENERAL_NUMERIC_PLANNING'] | TIME: ['CONTINUOUS_TIME'] | EXPRESSION_DURATION: ['REAL_TYPE_DURATIONS', 'STATIC_FLUENTS_IN_DURATIONS', 'INT_TYPE_DURATIONS'] | CONDITIONS_KIND: ['NEGATIVE_CONDITIONS'] | EFFECTS_KIND: ['FLUENTS_IN_NUMERIC_ASSIGNMENTS', 'INCREASE_EFFECTS', 'DECREASE_EFFECTS'] | TYPING: ['FLAT_TYPING'] | FLUENTS_TYPE: ['REAL_FLUENTS']",1.1419997463235632e-06,50,0.10018988900083059,25.210000000000036,58762,301872,301856,0.08697230500001751,25.217446170001494,True,25.430736788001013,6.310900062089786e-05
